step,epoch,val/acc,val/loss,train/acc
21,0,0.922831654548645,0.7740206718444824,
21,0,,,0.7154701352119446
43,1,0.9336734414100647,0.5253105163574219,
43,1,,,0.9289358854293823
